,제휴사,임의코드분류명,소분류명,구매금액,구매금액,구매금액
,,,,sum,mean,count
1,A,A가구,N.B,56190350.0,291142.0,193
13,A,A가구,종합가구,22622160.0,611410.0,37
11,A,A가구,일반침대,20714350.0,2589294.0,8
0,A,A가구,L.B,18669840.0,224938.0,83
4,A,A가구,소파,13129000.0,2188167.0,6
3,A,A가구,건강침대(흙침대),9327000.0,4663500.0,2
12,A,A가구,일반침대(에이스),9256190.0,1542698.0,6
8,A,A가구,식탁,5168100.0,1033620.0,5
6,A,A가구,수예소품,4491010.0,71286.0,63
15,A,A가구,한실침구,4421960.0,138186.0,32
2,A,A가구,건강베개,3999100.0,166629.0,24
14,A,A가구,카페트,3838820.0,142179.0,27
9,A,A가구,아동침구,2581710.0,92204.0,28
10,A,A가구,원목학생철재,2418000.0,1209000.0,2
7,A,A가구,수입침구,422040.0,105510.0,4
5,A,A가구,수예단기행사,284100.0,142050.0,2
18,A,A기타,커리어,113023420.0,297430.0,380
19,A,A기타,피아노/악기,21330600.0,3555100.0,6
17,A,A기타,밸류커리어,2875930.0,95864.0,30
16,A,A기타,Knit & Knot(캐슬플라자),118000.0,59000.0,2
34,A,A명품,명품잡화,249547370.0,1273201.0,196
29,A,A명품,디자이너부틱,166616900.0,789654.0,211
32,A,A명품,명품시계기타,93452870.0,4918572.0,19
39,A,A명품,수입의류,86547740.0,856908.0,101
26,A,A명품,네셔널,67343400.0,440153.0,153
40,A,A명품,수입잡화,58667540.0,637691.0,92
38,A,A명품,보석,48968450.0,906823.0,54
37,A,A명품,모피,48016970.0,2824528.0,17
20,A,A명품,4대 B/D,28109930.0,326860.0,86
42,A,A명품,어덜트,23598770.0,332377.0,71
35,A,A명품,명품잡화보석,21217810.0,3536302.0,6
28,A,A명품,디자이너,20569160.0,373985.0,55
31,A,A명품,명품보석,14765000.0,2460833.0,6
51,A,A명품,컨템포러리,12261980.0,721293.0,17
43,A,A명품,엘리든,11558100.0,2889525.0,4
50,A,A명품,직수입,10028170.0,263899.0,38
30,A,A명품,명품남성,9131100.0,760925.0,12
41,A,A명품,숙녀고정행사,9124910.0,82954.0,110
25,A,A명품,남성해외패션,8398250.0,1199750.0,7
53,A,A명품,힐앤토트,7348150.0,1049736.0,7
23,A,A명품,가방,7179530.0,217562.0,33
22,A,A명품,global 편집샵,5465850.0,73863.0,74
33,A,A명품,명품의류기타,3441900.0,1147300.0,3
46,A,A명품,임대,2292400.0,254711.0,9
52,A,A명품,피혁,2160000.0,720000.0,3
27,A,A명품,단기행사,1838500.0,61283.0,30
21,A,A명품,Bag&Bag,866610.0,78783.0,11
45,A,A명품,영플라자(핸드백),862200.0,172440.0,5
47,A,A명품,잡화멀티샵,710100.0,355050.0,2
48,A,A명품,조화,468900.0,66986.0,7
44,A,A명품,영플라자(구두),230160.0,76720.0,3
24,A,A명품,갤러리,214900.0,71633.0,3
49,A,A명품,주얼리멀티,209000.0,209000.0,1
36,A,A명품,명품잡화행사,94520.0,94520.0,1
63,A,A문구/생활용품,수입주방,40444320.0,97222.0,416
62,A,A문구/생활용품,수입도자기,19321070.0,119266.0,162
60,A,A문구/생활용품,소품가구,19151340.0,299240.0,64
65,A,A문구/생활용품,욕실용품,8420860.0,49245.0,171
54,A,A문구/생활용품,국산도자기,6414260.0,63508.0,101
73,A,A문구/생활용품,토탈데코,5512630.0,81068.0,68
55,A,A문구/생활용품,국산주방,5478890.0,44544.0,123
68,A,A문구/생활용품,전통도자기,4612550.0,164734.0,28
61,A,A문구/생활용품,수      저,4382120.0,45647.0,96
72,A,A문구/생활용품,타월,3941470.0,42842.0,92
58,A,A문구/생활용품,단기행사,3563700.0,30459.0,117
64,A,A문구/생활용품,식기단기행사,2868010.0,71700.0,40
56,A,A문구/생활용품,그라스,2790040.0,111602.0,25
70,A,A문구/생활용품,캔들디퓨져,2638170.0,79945.0,33
67,A,A문구/생활용품,장식소품,1629300.0,62665.0,26
71,A,A문구/생활용품,크리스탈,1313150.0,72953.0,18
59,A,A문구/생활용품,매트,780720.0,43373.0,18
69,A,A문구/생활용품,주방단기행사,739780.0,56906.0,13
66,A,A문구/생활용품,임      대,736000.0,66909.0,11
57,A,A문구/생활용품,기능성침대,512450.0,73207.0,7
76,A,A스포츠,L/C 아웃도어,102331990.0,166936.0,613
132,A,A스포츠,직수입 골프의류,71979960.0,336355.0,214
77,A,A스포츠,L/C골프의류,52884840.0,256723.0,206
113,A,A스포츠,스포츠의류,48999510.0,115565.0,424
78,A,A스포츠,N/B골프의류,33810040.0,254211.0,133
114,A,A스포츠,스포츠화,31461350.0,85726.0,367
81,A,A스포츠,골프용품,16518500.0,337112.0,49
118,A,A스포츠,아디다스의류,11553770.0,93933.0,123
85,A,A스포츠,나이키의류,10389350.0,91135.0,114
86,A,A스포츠,나이키화,10133660.0,128274.0,79
109,A,A스포츠,수영복,10126540.0,73916.0,137
133,A,A스포츠,직수입 아웃도어,4347100.0,310507.0,14
140,A,A스포츠,파리게이츠,3972900.0,397290.0,10
119,A,A스포츠,아디다스화,3576360.0,94115.0,38
136,A,A스포츠,코오롱스포츠,2761850.0,251077.0,11
108,A,A스포츠,선글라스,2657250.0,295250.0,9
99,A,A스포츠,먼싱웨어,2442600.0,814200.0,3
130,A,A스포츠,울시,2015950.0,335992.0,6
75,A,A스포츠,K2,1869020.0,186902.0,10
93,A,A스포츠,디스커버리,1774150.0,197128.0,9
97,A,A스포츠,르꼬끄골프,1724000.0,215500.0,8
105,A,A스포츠,블랙야크,1628850.0,148077.0,11
84,A,A스포츠,나이키골프,1564840.0,521613.0,3
90,A,A스포츠,닥스골프,1560560.0,312112.0,5
106,A,A스포츠,빈폴골프,1445330.0,289066.0,5
135,A,A스포츠,컬럼비아,1419800.0,236633.0,6
88,A,A스포츠,노스페이스,1387150.0,154128.0,9
94,A,A스포츠,라푸마,1364640.0,136464.0,10
104,A,A스포츠,블랙앤화이트,1360990.0,453663.0,3
89,A,A스포츠,뉴발란스아울렛,1280300.0,91450.0,14
110,A,A스포츠,슈페리어,1228200.0,153525.0,8
121,A,A스포츠,아이더,1200500.0,200083.0,6
91,A,A스포츠,단기행사(골프),1177700.0,130856.0,9
125,A,A스포츠,엠유스포츠,1120950.0,373650.0,3
87,A,A스포츠,네파,1103380.0,157626.0,7
124,A,A스포츠,엘로드,1097600.0,548800.0,2
101,A,A스포츠,밀레,1075280.0,134410.0,8
144,A,A스포츠,해리토리 상품군,1011590.0,202318.0,5
131,A,A스포츠,잭니클라우스,1008800.0,504400.0,2
147,A,A스포츠,휠라골프,975740.0,195148.0,5
98,A,A스포츠,머렐,915640.0,183128.0,5
129,A,A스포츠,우리골프,890000.0,890000.0,1
141,A,A스포츠,팬텀골프,757890.0,151578.0,5
128,A,A스포츠,와이드앵글,687720.0,343860.0,2
100,A,A스포츠,몽벨,656750.0,218917.0,3
137,A,A스포츠,타이틀리스트,642200.0,321100.0,2
95,A,A스포츠,레노마골프,601690.0,150422.0,4
111,A,A스포츠,스키,585070.0,73134.0,8
143,A,A스포츠,핑,543440.0,135860.0,4
117,A,A스포츠,아디다스골프,529600.0,132400.0,4
103,A,A스포츠,보그너,508590.0,254295.0,2
122,A,A스포츠,아크테릭스,429400.0,429400.0,1
127,A,A스포츠,오클리,349410.0,349410.0,1
80,A,A스포츠,고정행사(스포츠),333000.0,66600.0,5
120,A,A스포츠,아울렛 제일모직,298500.0,149250.0,2
138,A,A스포츠,트렉스타(신),244750.0,122375.0,2
116,A,A스포츠,아다바트,237000.0,237000.0,1
107,A,A스포츠,빈폴아웃도어,225540.0,225540.0,1
92,A,A스포츠,등산화,215000.0,71667.0,3
115,A,A스포츠,아놀드파마,209100.0,104550.0,2
96,A,A스포츠,루이까스텔,208600.0,208600.0,1
134,A,A스포츠,캘러웨이,201400.0,100700.0,2
126,A,A스포츠,영플라자(의류),199750.0,99875.0,2
83,A,A스포츠,김영주골프,178000.0,178000.0,1
82,A,A스포츠,골프존마켓,171700.0,85850.0,2
142,A,A스포츠,피엘라벤,170050.0,170050.0,1
123,A,A스포츠,에이글,159000.0,159000.0,1
145,A,A스포츠,헤지스골프,158000.0,158000.0,1
139,A,A스포츠,트렉스타(의),146300.0,146300.0,1
79,A,A스포츠,가 방,109350.0,54675.0,2
102,A,A스포츠,백팩편집,76000.0,76000.0,1
112,A,A스포츠,스포츠용품,63400.0,63400.0,1
74,A,A스포츠,JDX골프,62100.0,62100.0,1
146,A,A스포츠,휘트니스,45600.0,45600.0,1
152,A,A식품,건강식품(홍삼),39074050.0,247304.0,158
151,A,A식품,건강식품(비타민),19096680.0,77003.0,248
156,A,A식품,굴비세트,15284200.0,1273683.0,12
154,A,A식품,곡물,15053280.0,117604.0,128
165,A,A식품,정육세트,13322000.0,783647.0,17
166,A,A식품,청과세트,10657000.0,968818.0,11
150,A,A식품,건강식품,10068890.0,115734.0,87
160,A,A식품,멸치세트,8960000.0,1493333.0,6
148,A,A식품,가공선물세트,6238720.0,567156.0,11
161,A,A식품,수삼/더덕세트,5400000.0,2700000.0,2
155,A,A식품,곶감/송이세트,3838000.0,479750.0,8
153,A,A식품,건과세트,2874300.0,574860.0,5
169,A,A식품,한과(세트행사),2353600.0,156907.0,15
162,A,A식품,식당가 레스토랑,2094440.0,56606.0,37
168,A,A식품,친환경올가,1688000.0,337600.0,5
167,A,A식품,친환경세트,1609000.0,321800.0,5
164,A,A식품,양과(세트행사),1365240.0,80308.0,17
158,A,A식품,김세트,1041100.0,115678.0,9
149,A,A식품,갈비세트,975000.0,487500.0,2
157,A,A식품,기타건생선세트,574000.0,287000.0,2
163,A,A식품,안주세트,339800.0,48543.0,7
159,A,A식품,레토르,198000.0,198000.0,1
171,A,A유아,N/B 아동복,33642750.0,128899.0,261
170,A,A유아,L/C 아동복,31119150.0,124477.0,250
176,A,A유아,유아복,27914860.0,98292.0,284
174,A,A유아,수입 아동복,25825400.0,114272.0,226
178,A,A유아,토들러,22122540.0,122903.0,180
172,A,A유아,내의,8699020.0,46519.0,187
177,A,A유아,유아용품,8167270.0,54448.0,150
175,A,A유아,아동신발,1991110.0,47407.0,42
173,A,A유아,단기행사(아동복),586900.0,58690.0,10
179,A,A음료/주류,주류,34008200.0,83558.0,407
180,A,A음료/주류,한차,6355790.0,63558.0,100
278,A,A의류,캐릭터캐주얼,222321100.0,726540.0,306
245,A,A의류,영 캐릭터,169979750.0,292564.0,581
230,A,A의류,수입캐릭터,126813970.0,595371.0,213
196,A,A의류,global SPA,111375620.0,103126.0,1080
243,A,A의류,엘레강스,62883920.0,355276.0,177
289,A,A의류,트래디셔널,59666380.0,315695.0,189
232,A,A의류,수입화,53237620.0,364641.0,146
291,A,A의류,트랜디,47888900.0,447560.0,107
224,A,A의류,비지니스군,43809240.0,161063.0,272
276,A,A의류,진캐주얼,40666740.0,125128.0,325
251,A,A의류,영캐주얼,39288170.0,123548.0,318
246,A,A의류,영 컨템포러리,38923970.0,344460.0,113
283,A,A의류,컬처캐주얼,36039830.0,102971.0,350
282,A,A의류,컨템포러리,34842100.0,483918.0,72
212,A,A의류,란제리,29066250.0,82810.0,351
235,A,A의류,시니어,26631290.0,391637.0,68
234,A,A의류,스트리트,24761500.0,65855.0,376
249,A,A의류,영밸류 캐주얼,23760520.0,109495.0,217
269,A,A의류,이지캐주얼,22536740.0,45254.0,498
207,A,A의류,닥스,17841340.0,495593.0,36
226,A,A의류,빈폴상품군,17754550.0,211364.0,84
296,A,A의류,폴로상품군,17534260.0,208741.0,84
247,A,A의류,영 트렌디,17263240.0,73775.0,234
241,A,A의류,어반캐주얼,16708520.0,288078.0,58
233,A,A의류,스카프(특정),16590500.0,76103.0,218
250,A,A의류,영스트리트,15333860.0,63363.0,242
294,A,A의류,패션내의,14299060.0,71140.0,201
229,A,A의류,수입브릿지,12000570.0,266679.0,45
263,A,A의류,올리브핫스텁,11395340.0,199918.0,57
211,A,A의류,라코스테상품군,11293730.0,159067.0,71
288,A,A의류,타미힐피거상품군,11092720.0,168072.0,66
301,A,A의류,헤지스상품군,10786080.0,203511.0,53
198,A,A의류,갤럭시,8978000.0,598533.0,15
302,A,A의류,헨리코튼상품군,7871320.0,314853.0,25
280,A,A의류,캠브리지,7717300.0,593638.0,13
239,A,A의류,아울렛,7385100.0,434418.0,17
214,A,A의류,로가디스,6763200.0,676320.0,10
218,A,A의류,모자(특정),6755240.0,67552.0,100
270,A,A의류,인디안,6164280.0,192634.0,32
264,A,A의류,올젠상품군,6018980.0,136795.0,44
285,A,A의류,쿨캐주얼,5941360.0,49511.0,120
286,A,A의류,클럽캠브리지,5929300.0,204459.0,29
205,A,A의류,넥타이(특정),5292960.0,94517.0,56
201,A,A의류,기타,5190700.0,43619.0,119
204,A,A의류,남성잡화 ACC,5085780.0,175372.0,29
287,A,A의류,킨록앤더슨,5007850.0,625981.0,8
297,A,A의류,프랑코페라로,4912150.0,196486.0,25
217,A,A의류,마에스트로,4850700.0,538967.0,9
271,A,A의류,일꼬르소,4706200.0,261456.0,18
231,A,A의류,수입캐주얼,4427630.0,116517.0,38
227,A,A의류,빨질레리,4034000.0,366727.0,11
215,A,A의류,로가디스그린,3964200.0,208642.0,19
273,A,A의류,지이크,3762430.0,221319.0,17
185,A,A의류,Knit & Knot,3748750.0,101318.0,37
300,A,A의류,프리미엄진,3524570.0,234971.0,15
255,A,A의류,영플라자(기타),3112150.0,54599.0,57
200,A,A의류,건강수면샵,3099750.0,281795.0,11
199,A,A의류,갤럭시라이프스타일,3023400.0,215957.0,14
186,A,A의류,MODIUM,2642690.0,155452.0,17
279,A,A의류,캐주얼피혁,2114290.0,211429.0,10
202,A,A의류,까르뜨블랑슈 상품군,2070500.0,138033.0,15
303,A,A의류,홈웨어,1708160.0,51762.0,33
275,A,A의류,진스퀘어,1707090.0,426772.0,4
225,A,A의류,비트윈,1567520.0,195940.0,8
257,A,A의류,영플라자(영밸류),1449340.0,80519.0,18
220,A,A의류,바쏘,1428150.0,178519.0,8
242,A,A의류,에디션,1127210.0,125246.0,9
260,A,A의류,영플라자(이지),1122830.0,48819.0,23
258,A,A의류,영플라자(영스트리트),1117900.0,65759.0,17
277,A,A의류,질스튜어트NY,1062100.0,1062100.0,1
208,A,A의류,단기행사,1008800.0,336267.0,3
298,A,A의류,프레드페리상품군,901440.0,180288.0,5
188,A,A의류,OUTDOOR+1,887300.0,177460.0,5
222,A,A의류,브룩스브라더스,836500.0,209125.0,4
191,A,A의류,TI포맨,834020.0,278007.0,3
304,A,A의류,휴고보스,834000.0,834000.0,1
284,A,A의류,코모도스퀘어,828400.0,828400.0,1
236,A,A의류,시리즈,821050.0,410525.0,2
210,A,A의류,라뉴,818200.0,163640.0,5
240,A,A의류,어반스타일,768050.0,384025.0,2
219,A,A의류,무인양품,708050.0,44253.0,16
293,A,A의류,패션갤러리움,681810.0,48701.0,14
195,A,A의류,el Trail,623550.0,89079.0,7
256,A,A의류,영플라자(스트리트),517770.0,47070.0,11
292,A,A의류,팀버랜드 상품군,502200.0,100440.0,5
213,A,A의류,레노마,496150.0,165383.0,3
181,A,A의류,BON,445000.0,222500.0,2
238,A,A의류,아날도바시니,424960.0,84992.0,5
184,A,A의류,KHOS,424850.0,53106.0,8
252,A,A의류,영캐주얼행사,407000.0,45222.0,9
274,A,A의류,직수입정장,400000.0,400000.0,1
266,A,A의류,워모,394290.0,197145.0,2
281,A,A의류,커스텀멜로우,362000.0,181000.0,2
192,A,A의류,Taste5.1,342200.0,171100.0,2
261,A,A의류,영플라자(진/유니),273000.0,68250.0,4
268,A,A의류,유니크샵,273000.0,91000.0,3
223,A,A의류,비아스텔리나,242600.0,60650.0,4
203,A,A의류,나파피리상품군,235100.0,117550.0,2
267,A,A의류,유니섹스캐주얼,232200.0,46440.0,5
237,A,A의류,시티정장바지,203000.0,101500.0,2
189,A,A의류,PAT,200000.0,200000.0,1
259,A,A의류,영플라자(영캐주얼),198000.0,99000.0,2
295,A,A의류,펜필드 상품군,186940.0,93470.0,2
253,A,A의류,영플라자 컬처캐주얼,182250.0,60750.0,3
216,A,A의류,리버클래시,180000.0,180000.0,1
183,A,A의류,GR-8,179900.0,59967.0,3
290,A,A의류,트래디셔널Ⅱ,177000.0,177000.0,1
190,A,A의류,SPACE 5.1,176000.0,58667.0,3
244,A,A의류,여성의류,172000.0,172000.0,1
221,A,A의류,벨라모,164450.0,54817.0,3
206,A,A의류,다반,148000.0,74000.0,2
248,A,A의류,영레깅스편집샵,128000.0,128000.0,1
254,A,A의류,영플라자(KHOS),127300.0,127300.0,1
193,A,A의류,UNIT,106000.0,106000.0,1
209,A,A의류,더블라우스,78000.0,78000.0,1
299,A,A의류,프로메이드,70000.0,70000.0,1
187,A,A의류,Maniz,68600.0,68600.0,1
194,A,A의류,el Bicar,59000.0,59000.0,1
265,A,A의류,옴스,56000.0,56000.0,1
262,A,A의류,영플라자(쿨캐주얼),55800.0,55800.0,1
182,A,A의류,Fitness Square,52250.0,52250.0,1
272,A,A의류,지오송지오,50000.0,50000.0,1
197,A,A의류,global 편집샵,47700.0,23850.0,2
228,A,A의류,셔츠고정행사,43000.0,43000.0,1
310,A,A전자/기기,국산냉장고.세탁기,87421120.0,2185528.0,40
309,A,A전자/기기,국산A/V,65082450.0,2244222.0,29
312,A,A전자/기기,김치냉장고,18450860.0,1537572.0,12
318,A,A전자/기기,수입소형가전,17179800.0,115301.0,149
307,A,A전자/기기,가스기기,13017300.0,619871.0,21
322,A,A전자/기기,전기밥솥,12808540.0,355793.0,36
323,A,A전자/기기,컴퓨터,12681940.0,528414.0,24
321,A,A전자/기기,에어컨,10862000.0,1810333.0,6
320,A,A전자/기기,에스프레소,8575230.0,74567.0,115
306,A,A전자/기기,MP3 外,8422700.0,233964.0,36
319,A,A전자/기기,수입청소기 외,8401000.0,442158.0,19
315,A,A전자/기기,수입A/V,4338030.0,1084508.0,4
313,A,A전자/기기,디지털카메라,3140800.0,241600.0,13
317,A,A전자/기기,수입세탁기,2103000.0,525750.0,4
314,A,A전자/기기,명품오디오,1577000.0,394250.0,4
308,A,A전자/기기,건강가전,1241700.0,206950.0,6
305,A,A전자/기기,IT 게임기S/W,970300.0,64687.0,15
311,A,A전자/기기,기타국산소형가전,748000.0,374000.0,2
316,A,A전자/기기,수입냉장고,206000.0,51500.0,4
324,A,A전자/기기,행사,59400.0,59400.0,1
339,A,A패션잡화,캐릭터 여화,64079590.0,194771.0,329
335,A,A패션잡화,수입ACC,20022570.0,177191.0,113
334,A,A패션잡화,선글라스(특정),19041440.0,224017.0,85
336,A,A패션잡화,시계,14223930.0,268376.0,53
325,A,A패션잡화,14K,13528320.0,182815.0,74
340,A,A패션잡화,캐주얼화,13113550.0,99345.0,132
337,A,A패션잡화,아이웨어,11018200.0,229546.0,48
331,A,A패션잡화,국산ACC,10195610.0,45720.0,223
332,A,A패션잡화,금강그룹,9538400.0,142364.0,67
327,A,A패션잡화,NB 여화,5248300.0,124960.0,42
330,A,A패션잡화,구두시즌,2517420.0,125871.0,20
338,A,A패션잡화,캐릭터 남화,2412430.0,185572.0,13
333,A,A패션잡화,기타(가발포장담배연구사진수선),2301200.0,575300.0,4
326,A,A패션잡화,ACC Bloom (3F),1228580.0,61429.0,20
329,A,A패션잡화,구두단기행사,912150.0,82923.0,11
341,A,A패션잡화,헤어,837900.0,209475.0,4
328,A,A패션잡화,shoe`n shoe,245950.0,122975.0,2
342,A,A패션잡화,헤어ACC,55000.0,55000.0,1
343,A,A화장품,기초 화장품,272128540.0,169762.0,1603
346,A,A화장품,색조 화장품,38021080.0,72977.0,521
344,A,A화장품,기초A,32472080.0,142421.0,228
345,A,A화장품,기타,10570120.0,170486.0,62
348,A,A화장품,향수,4377500.0,104226.0,42
349,A,A화장품,화장품,215690.0,53922.0,4
347,A,A화장품,영플라자 색조,195750.0,48938.0,4
356,B,B가구,애슐리까사,693200.0,77022.0,9
354,B,B가구,선반,648930.0,58994.0,11
352,B,B가구,룸베이,619600.0,68844.0,9
353,B,B가구,바니루이스,585000.0,48750.0,12
357,B,B가구,인테리어샵,552500.0,69062.0,8
360,B,B가구,행거,302000.0,43143.0,7
351,B,B가구,롤스크린,212700.0,106350.0,2
358,B,B가구,침구세트,202800.0,67600.0,3
355,B,B가구,솜류,197900.0,49475.0,4
350,B,B가구,교자상,170000.0,85000.0,2
359,B,B가구,커튼,162700.0,54233.0,3
365,B,B기타,브랜드,13057500.0,72542.0,180
369,B,B기타,피아노,2864000.0,477333.0,6
370,B,B기타,해조류세트,736000.0,184000.0,4
373,B,B기타,황토침구,465900.0,58238.0,8
372,B,B기타,홍삼선물세트,449400.0,74900.0,6
364,B,B기타,배세트,362800.0,90700.0,4
368,B,B기타,카페트,316700.0,45243.0,7
371,B,B기타,혼합세트,263500.0,65875.0,4
367,B,B기타,인삼세트,245000.0,245000.0,1
366,B,B기타,사과세트,137500.0,45833.0,3
362,B,B기타,균일가 소품,119000.0,59500.0,2
363,B,B기타,더덕세트,118000.0,59000.0,2
361,B,B기타,견과선물세트,59000.0,59000.0,1
374,B,B명품,피혁브랜드,567300.0,43638.0,13
378,B,B문구/생활용품,주거청소세제,16975360.0,45147.0,376
379,B,B문구/생활용품,표백제,2580420.0,92158.0,28
375,B,B문구/생활용품,브랜드도자기,1054450.0,47930.0,22
377,B,B문구/생활용품,압력솥,449300.0,44930.0,10
376,B,B문구/생활용품,안마용품,59000.0,59000.0,1
380,B,B문구/생활용품,프리미엄다용도매트,49900.0,49900.0,1
383,B,B스포츠,브랜드,5537400.0,74830.0,74
382,B,B스포츠,등산복,1324800.0,49067.0,27
381,B,B스포츠,골프클럽,490000.0,245000.0,2
384,B,B스포츠,브랜드행사,425100.0,60729.0,7
386,B,B스포츠,야구용품,370500.0,52929.0,7
390,B,B스포츠,킥보드,336000.0,336000.0,1
388,B,B스포츠,자전거용품,268300.0,44717.0,6
387,B,B스포츠,인라인스케이트,256000.0,256000.0,1
389,B,B스포츠,전문자전거,129000.0,129000.0,1
385,B,B스포츠,아동자전거,119000.0,119000.0,1
391,B,B스포츠,헬스복,49000.0,49000.0,1
392,B,B시즌용품,여행가방,178000.0,89000.0,2
393,B,B시즌용품,캠핑소품,159120.0,53040.0,3
394,B,B시즌용품,캠핑텐트류,76000.0,76000.0,1
409,B,B식품,일반미,18080360.0,66472.0,272
396,B,B식품,건강식품,5917520.0,125905.0,47
405,B,B식품,식용유,5076700.0,45736.0,111
410,B,B식품,조미혼합세트,3262340.0,181241.0,18
417,B,B식품,혼합선물세트,1961800.0,326967.0,6
414,B,B식품,통조림선물세트,1882940.0,85588.0,22
422,B,B식품,홍삼첨가식품,1488550.0,67661.0,22
400,B,B식품,미국산냉동소고기,1447438.0,43862.0,33
406,B,B식품,식용유세트,1263730.0,180533.0,7
419,B,B식품,홍삼,1158900.0,105355.0,11
416,B,B식품,한우냉장선물세트,1052250.0,263062.0,4
404,B,B식품,수입담배,732000.0,43059.0,17
421,B,B식품,홍삼즙,673300.0,96186.0,7
407,B,B식품,식용유지세트,552600.0,138150.0,4
402,B,B식품,사과배세트,546000.0,136500.0,4
401,B,B식품,배세트,386200.0,128733.0,3
399,B,B식품,냉장햄세트,320000.0,160000.0,2
397,B,B식품,건과선물세트,236000.0,47200.0,5
413,B,B식품,킹크랩,219029.0,73010.0,3
403,B,B식품,사과세트,177900.0,88950.0,2
415,B,B식품,한우 선물세트,165000.0,165000.0,1
395,B,B식품,건강선물세트,130900.0,43633.0,3
398,B,B식품,굴비세트,98000.0,98000.0,1
420,B,B식품,홍삼농축액,90000.0,90000.0,1
408,B,B식품,열대과일선물세트,59800.0,59800.0,1
411,B,B식품,친환경과일세트,55000.0,55000.0,1
412,B,B식품,친환경도정미,43800.0,43800.0,1
418,B,B식품,혼합세트,0.0,,0
423,B,B애완,진료,1018450.0,59909.0,17
425,B,B외식&판매시설,뷔페레스토랑,4868260.0,58654.0,83
427,B,B외식&판매시설,안경점,3919000.0,81646.0,48
424,B,B외식&판매시설,경정비,2013151.0,134210.0,15
428,B,B외식&판매시설,중식레스토랑,821630.0,48331.0,17
426,B,B외식&판매시설,소극장,436500.0,87300.0,5
430,B,B유아,분유,3867630.0,58600.0,66
431,B,B유아,블럭,3867380.0,50226.0,77
432,B,B유아,블럭장난감,3854750.0,82016.0,47
441,B,B유아,토들러,3625900.0,46486.0,78
439,B,B유아,주니어,2481700.0,44316.0,56
435,B,B유아,아동주니어,1003000.0,43609.0,23
440,B,B유아,콜렉션인형,572800.0,57280.0,10
436,B,B유아,유모차/카시트,318000.0,159000.0,2
438,B,B유아,전자지능개발,317900.0,45414.0,7
429,B,B유아,무선조정완구,157400.0,52467.0,3
437,B,B유아,전자교육,134400.0,67200.0,2
434,B,B유아,아동방꾸미기,87300.0,43650.0,2
433,B,B유아,수집용완구,50000.0,50000.0,1
444,B,B음료/주류,커피선물세트,994770.0,52356.0,19
443,B,B음료/주류,위스키,706350.0,64214.0,11
442,B,B음료/주류,와인선물세트,580800.0,82971.0,7
450,B,B의류,미시,6988800.0,72049.0,97
456,B,B의류,여성캐주얼,5622000.0,55118.0,102
446,B,B의류,남성캐주얼,2864000.0,59667.0,48
447,B,B의류,드레스화브랜드,2135200.0,97055.0,22
451,B,B의류,비즈니스,1939900.0,88177.0,22
462,B,B의류,포말정장,1923200.0,113129.0,17
445,B,B의류,골프캐주얼,1915800.0,73685.0,26
460,B,B의류,진캐주얼,1786100.0,55816.0,32
461,B,B의류,타운캐주얼,1761500.0,92711.0,19
457,B,B의류,영컨셉,1587900.0,49622.0,32
458,B,B의류,유아동승용물,785400.0,98175.0,8
449,B,B의류,마담,509600.0,169867.0,3
453,B,B의류,셔츠,487600.0,44327.0,11
452,B,B의류,비지니스특정,192000.0,192000.0,1
448,B,B의류,드레스화브랜드행사,118000.0,59000.0,2
455,B,B의류,어덜트캐쥬얼특정,102400.0,51200.0,2
463,B,B의류,플레이세트,45000.0,45000.0,1
454,B,B의류,아동자전거,0.0,,0
459,B,B의류,자전거용품,0.0,,0
464,B,B자동차,소형가전,398000.0,398000.0,1
465,B,B자동차,시트/카쿠션/매트,159600.0,79800.0,2
466,B,B자동차,카시트,117600.0,58800.0,2
471,B,B전자/기기,디지털카메라,739000.0,739000.0,1
468,B,B전자/기기,가스/전기레인지,446000.0,446000.0,1
467,B,B전자/기기,LED TV,400000.0,400000.0,1
473,B,B전자/기기,비디오게임기,345000.0,172500.0,2
474,B,B전자/기기,비디오게임소프트웨어,319600.0,53267.0,6
477,B,B전자/기기,전기요/장판,249700.0,49940.0,5
475,B,B전자/기기,압력밥솥,188000.0,188000.0,1
469,B,B전자/기기,공기청정기,160000.0,160000.0,1
472,B,B전자/기기,비데,109000.0,109000.0,1
476,B,B전자/기기,일반진공청소기,107000.0,107000.0,1
470,B,B전자/기기,다리미,59000.0,59000.0,1
478,B,B주유소,주유소,8629212.0,60344.0,143
483,B,B패션잡화,여성편집,2750990.0,50018.0,55
479,B,B패션잡화,NB구두,2450800.0,87529.0,28
485,B,B패션잡화,여행가방브랜드,999000.0,111000.0,9
488,B,B패션잡화,준보석브랜드,825000.0,55000.0,15
480,B,B패션잡화,가방NB,459000.0,114750.0,4
487,B,B패션잡화,일반시계,170000.0,85000.0,2
481,B,B패션잡화,금,130000.0,65000.0,2
486,B,B패션잡화,이지편집,99000.0,99000.0,1
482,B,B패션잡화,브랜드,90000.0,45000.0,2
484,B,B패션잡화,여행가방,0.0,,0
489,B,B행사,교복,582000.0,116400.0,5
490,B,B행사,명품행사,160000.0,80000.0,2
491,B,B화장품,바디용품선물세트,1521430.0,152143.0,10
492,B,B화장품,브랜드세트,504600.0,126150.0,4
493,C,C문구/생활용품,린스/컨디셔너,12876240.0,144677.0,89
496,C,C문구/생활용품,일반교육완구,1554250.0,194281.0,8
494,C,C문구/생활용품,선물세트,457200.0,45720.0,10
495,C,C문구/생활용품,압력솥,49900.0,49900.0,1
505,C,C식품,일반미,14826190.0,45064.0,329
508,C,C식품,통조림혼합세트,1256280.0,157035.0,8
509,C,C식품,한우선물세트,980000.0,245000.0,4
501,C,C식품,사과선물세트,969050.0,46145.0,21
511,C,C식품,혼합과일선물세트,938900.0,312967.0,3
512,C,C식품,홍삼세트,694990.0,46333.0,15
510,C,C식품,햄통조림세트,512400.0,85400.0,6
498,C,C식품,멸치선물세트,490000.0,245000.0,2
499,C,C식품,미국산소갈비,443972.0,63425.0,7
504,C,C식품,식용유세트,396100.0,79220.0,5
506,C,C식품,절임배추,372700.0,74540.0,5
507,C,C식품,참치통조림세트,159500.0,79750.0,2
502,C,C식품,송이버섯류,119600.0,59800.0,2
497,C,C식품,꿀세트,54000.0,54000.0,1
500,C,C식품,버섯선물세트,53000.0,53000.0,1
503,C,C식품,수입소고기선물세트,49000.0,49000.0,1
513,C,C유아,분유,1124230.0,46843.0,24
514,C,C음료/주류,믹스커피,20859240.0,60814.0,343
517,C,C음료/주류,커피세트,7483700.0,1247283.0,6
515,C,C음료/주류,아이스믹스커피,731780.0,121963.0,6
516,C,C음료/주류,위스키,96900.0,48450.0,2
518,C,C전자/기기,인덕션/가스레인지,199600.0,49900.0,4
519,D,D문구/생활용품,여행용소품,227000.0,75667.0,3
520,D,D유아,유아목욕용품,43000.0,43000.0,1
